-- phpMyAdmin SQL Dump
-- version 4.9.2
-- https://www.phpmyadmin.net/
--
-- Хост: localhost
-- Время создания: Апр 03 2021 г., 16:43
-- Версия сервера: 5.7.33-0ubuntu0.18.04.1
-- Версия PHP: 7.3.27-7+ubuntu18.04.1+deb.sury.org+1

SET SQL_MODE = "NO_AUTO_VALUE_ON_ZERO";
SET AUTOCOMMIT = 0;
START TRANSACTION;
SET time_zone = "+00:00";


/*!40101 SET @OLD_CHARACTER_SET_CLIENT=@@CHARACTER_SET_CLIENT */;
/*!40101 SET @OLD_CHARACTER_SET_RESULTS=@@CHARACTER_SET_RESULTS */;
/*!40101 SET @OLD_COLLATION_CONNECTION=@@COLLATION_CONNECTION */;
/*!40101 SET NAMES utf8mb4 */;

--
-- База данных: `DemoExam`
--

-- --------------------------------------------------------

--
-- Структура таблицы `AttachedProduct`
--

CREATE TABLE `AttachedProduct` (
  `MainProductID` int(11) NOT NULL,
  `AttachedProductID` int(11) NOT NULL
) ENGINE=InnoDB DEFAULT CHARSET=utf8;

-- --------------------------------------------------------

--
-- Структура таблицы `Client`
--

CREATE TABLE `Client` (
  `ID` int(11) NOT NULL,
  `FirstName` varchar(50) CHARACTER SET utf8mb4 NOT NULL,
  `LastName` varchar(50) CHARACTER SET utf8mb4 NOT NULL,
  `Patronymic` varchar(50) CHARACTER SET utf8mb4 DEFAULT NULL,
  `Birthday` date DEFAULT NULL,
  `RegistrationDate` datetime(6) NOT NULL,
  `Email` varchar(255) CHARACTER SET utf8mb4 DEFAULT NULL,
  `Phone` varchar(20) CHARACTER SET utf8mb4 NOT NULL,
  `GenderCode` char(1) CHARACTER SET utf8mb4 NOT NULL,
  `PhotoPath` varchar(1000) CHARACTER SET utf8mb4 DEFAULT NULL
) ENGINE=InnoDB DEFAULT CHARSET=utf8;

--
-- Дамп данных таблицы `Client`
--

INSERT INTO `Client` (`ID`, `FirstName`, `LastName`, `Patronymic`, `Birthday`, `RegistrationDate`, `Email`, `Phone`, `GenderCode`, `PhotoPath`) VALUES
(1, 'Иосиф', 'Голубев', 'Тимофеевич', '1982-05-06', '2018-08-18 00:00:00.000000', 'smcnabb@att.net', '7(78)972-73-11', 'м', 'Клиенты/m18.jpg'),
(2, 'Алла', 'Ермакова', 'Мироновна', '1976-01-22', '2017-02-09 00:00:00.000000', 'whimsy@aol.com', '7(06)437-13-73', 'ж', 'Клиенты/48.jpg'),
(3, 'Глеб', 'Селиверстов', 'Максимович', '1999-06-20', '2016-01-07 00:00:00.000000', 'jigsaw@sbcglobal.net', '7(20)554-28-68', 'м', 'Клиенты/m37.jpg'),
(4, 'Юстиниан', 'Агафонов', 'Олегович', '1997-02-02', '2016-06-08 00:00:00.000000', 'staffelb@sbcglobal.net', '7(303)810-28-78', 'м', 'Клиенты/m1.jpg'),
(5, 'Злата', 'Колобова', 'Романовна', '1994-08-25', '2016-12-03 00:00:00.000000', 'sinkou@aol.com', '7(50)884-07-35', 'ж', 'Клиенты/18.jpg'),
(6, 'Дарина', 'Сысоева', 'Ярославовна', '1982-02-03', '2016-05-13 00:00:00.000000', 'treit@verizon.net', '7(0698)387-96-04', 'ж', 'Клиенты/32.jpg'),
(7, 'Варлам', 'Некрасов', 'Михайлович', '2000-11-12', '2017-12-03 00:00:00.000000', 'dogdude@verizon.net', '7(019)258-06-35', 'м', 'Клиенты/m42.jpg'),
(8, 'Наум', 'Крюков', 'Ильяович', '1993-11-17', '2017-02-01 00:00:00.000000', 'floxy@hotmail.com', '7(81)657-88-92', 'м', 'Клиенты/m30.jpg'),
(9, 'Татьяна', 'Сидорова', 'Михайловна', '1974-04-24', '2018-10-03 00:00:00.000000', 'tbeck@mac.com', '7(51)732-91-79', 'ж', 'Клиенты/42.jpg'),
(10, 'Альжбета', 'Трофимова', 'Якововна', '1988-10-22', '2017-09-21 00:00:00.000000', 'gbacon@mac.com', '7(1084)658-92-95', 'ж', 'Клиенты/25.jpg'),
(11, 'Адриан', 'Новиков', 'Аркадьевич', '1974-01-15', '2018-11-23 00:00:00.000000', 'multiplx@verizon.net', '7(70)572-33-62', 'м', 'Клиенты/m40.jpg'),
(12, 'Иветта', 'Мишина', 'Андреевна', '2002-10-05', '2016-01-24 00:00:00.000000', 'aukjan@yahoo.com', '7(3926)244-81-96', 'ж', 'Клиенты/30.jpg'),
(13, 'Геннадий', 'Шестаков', 'Рубенович', '2001-07-01', '2018-12-08 00:00:00.000000', 'tokuhirom@live.com', '7(2066)037-11-60', 'м', 'Клиенты/m41.jpg'),
(14, 'Матвей', 'Зуев', 'Иванович', '1981-03-28', '2018-12-18 00:00:00.000000', 'brickbat@verizon.net', '7(5383)893-04-66', 'м', 'Клиенты/m38.jpg'),
(15, 'Георгина', 'Турова', 'Семёновна', '1974-05-28', '2018-02-22 00:00:00.000000', 'yruan@optonline.net', '7(555)321-42-99', 'ж', 'Клиенты/27.jpg'),
(16, 'Валентин', 'Анисимов', 'Пантелеймонович', '2000-12-10', '2018-01-20 00:00:00.000000', 'aaribaud@hotmail.com', '7(700)326-70-24', 'м', 'Клиенты/m99.jpg'),
(17, 'Тамара', 'Анисимова', 'Витальевна', '1988-06-16', '2016-02-25 00:00:00.000000', 'schwaang@mac.com', '7(66)128-04-10', 'ж', 'Клиенты/2.jpg'),
(18, 'Орест', 'Колобов', 'Юлианович', '2001-07-14', '2017-01-01 00:00:00.000000', 'parkes@verizon.net', '7(1680)508-58-26', 'м', 'Клиенты/m27.jpg'),
(19, 'Аристарх', 'Филатов', 'Дмитриевич', '1989-05-29', '2017-01-11 00:00:00.000000', 'hampton@att.net', '7(696)235-29-24', 'м', 'Клиенты/m43.jpg'),
(20, 'Влада', 'Орлова', 'Мартыновна', '1990-06-26', '2016-03-21 00:00:00.000000', 'rnelson@yahoo.ca', '7(2506)433-38-35', 'ж', 'Клиенты/22.jpg'),
(21, 'Элина', 'Алексеева', 'Матвеевна', '2002-05-07', '2018-03-28 00:00:00.000000', 'pthomsen@verizon.net', '7(8086)245-64-81', 'ж', 'Клиенты/1.jpg'),
(22, 'Агафон', 'Бобров', 'Лаврентьевич', '1995-07-29', '2017-05-09 00:00:00.000000', 'petersen@comcast.net', '7(2159)507-39-57', 'м', 'Клиенты/m35.jpg'),
(23, 'Инара', 'Бирюкова', 'Улебовна', '1978-07-21', '2017-10-01 00:00:00.000000', 'smpeters@hotmail.com', '7(098)346-50-58', 'ж', 'Клиенты/5.jpg'),
(24, 'Марк', 'Панфилов', 'Рудольфович', '1991-04-13', '2016-02-23 00:00:00.000000', 'cremonini@optonline.net', '7(764)282-55-22', 'м', 'Клиенты/m45.jpg'),
(25, 'Алина', 'Колесникова', 'Еремеевна', '2001-04-19', '2017-01-18 00:00:00.000000', 'gfxguy@outlook.com', '7(74)977-39-71', 'ж', 'Клиенты/40.jpg'),
(26, 'Наум', 'Морозов', 'Валерьянович', '1985-07-04', '2016-05-02 00:00:00.000000', 'salesgeek@mac.com', '7(636)050-96-13', 'м', 'Клиенты/m49.jpg'),
(27, 'Давид', 'Горбачёв', 'Тимурович', '1983-05-22', '2018-12-17 00:00:00.000000', 'hedwig@att.net', '7(53)602-85-41', 'м', 'Клиенты/m36.jpg'),
(28, 'Оскар', 'Васильев', 'Богданович', '1971-01-30', '2017-05-28 00:00:00.000000', 'miturria@verizon.net', '7(585)801-94-29', 'м', 'Клиенты/m15.jpg'),
(29, 'Номи', 'Ершова', 'Андреевна', '2001-09-13', '2016-06-30 00:00:00.000000', 'miltchev@mac.com', '7(7757)315-90-99', 'ж', 'Клиенты/14.jpg'),
(30, 'Святослав', 'Медведев', 'Юлианович', '1972-10-04', '2018-10-13 00:00:00.000000', 'hllam@comcast.net', '7(3520)435-21-20', 'м', 'Клиенты/m13.jpg'),
(31, 'Эльмира', 'Баранова', 'Дмитриевна', '1977-01-15', '2016-07-08 00:00:00.000000', 'jgmyers@comcast.net', '7(9240)643-15-50', 'ж', 'Клиенты/4.jpg'),
(32, 'Харита', 'Попова', 'Якуновна', '1997-12-16', '2016-07-05 00:00:00.000000', 'firstpr@verizon.net', '7(335)386-81-06', 'ж', 'Клиенты/36.jpg'),
(33, 'Аверкий', 'Кудряшов', 'Константинович', '1991-07-26', '2018-03-08 00:00:00.000000', 'nanop@msn.com', '7(88)732-96-30', 'м', 'Клиенты/m33.jpg'),
(34, 'Богдан', 'Кудрявцев', 'Христофорович', '1988-02-27', '2016-10-07 00:00:00.000000', 'lukka@hotmail.com', '7(20)131-84-09', 'м', 'Клиенты/m31.jpg'),
(35, 'Яков', 'Гусев', 'Авксентьевич', '1995-12-10', '2017-11-20 00:00:00.000000', 'jdhedden@icloud.com', '7(0972)781-11-37', 'м', 'Клиенты/m20.jpg'),
(36, 'Авигея', 'Крюкова', 'Святославовна', '2000-08-10', '2018-01-03 00:00:00.000000', 'simone@gmail.com', '7(499)318-88-53', 'ж', 'Клиенты/19.jpg'),
(37, 'Амелия', 'Степанова', 'Робертовна', '1970-06-06', '2017-09-27 00:00:00.000000', 'rasca@hotmail.com', '7(1217)441-28-42', 'ж', 'Клиенты/15.jpg'),
(38, 'Божена', 'Суворова', 'Анатольевна', '1981-03-09', '2016-01-28 00:00:00.000000', 'attwood@aol.com', '7(347)895-86-57', 'ж', 'Клиенты/34.jpg'),
(39, 'Аввакум', 'Борисов', 'Артемович', '1974-04-25', '2017-03-11 00:00:00.000000', 'chlim@live.com', '7(2296)930-08-88', 'м', 'Клиенты/m12.jpg'),
(40, 'Георгий', 'Бобылёв', 'Витальевич', '1983-12-19', '2018-04-06 00:00:00.000000', 'csilvers@mac.com', '7(88)685-13-51', 'м', 'Клиенты/m11.jpg'),
(41, 'Вольдемар', 'Дроздов', 'Артемович', '1976-02-07', '2017-07-18 00:00:00.000000', 'smpeters@me.com', '7(307)456-99-05', 'м', 'Клиенты/m21.jpg'),
(42, 'Сабрина', 'Беляева', 'Федосеевна', '1972-07-26', '2017-06-14 00:00:00.000000', 'agapow@gmail.com', '7(6580)534-32-58', 'ж', 'Клиенты/47.jpg'),
(43, 'Пантелеймон', 'Блохин', 'Феликсович', '1978-03-06', '2018-02-14 00:00:00.000000', 'balchen@comcast.net', '7(9524)556-48-98', 'м', 'Клиенты/m8.jpg'),
(44, 'Гелла', 'Шашкова', 'Эдуардовна', '1979-02-24', '2016-11-16 00:00:00.000000', 'jadavis@mac.com', '7(57)446-21-04', 'ж', 'Клиенты/43.jpg'),
(45, 'Артур', 'Калашников', 'Юрьевич', '1972-12-13', '2017-08-20 00:00:00.000000', 'oevans@aol.com', '7(147)947-47-21', 'м', 'Клиенты/m10.jpg'),
(46, 'Анэля', 'Корнилова', 'Михайловна', '1973-04-02', '2016-05-22 00:00:00.000000', 'jonathan@aol.com', '7(20)980-01-60', 'ж', 'Клиенты/26.jpg'),
(47, 'Янита', 'Гущина', 'Федоровна', '1999-03-02', '2018-02-01 00:00:00.000000', 'lishoy@att.net', '7(4544)716-68-96', 'ж', 'Клиенты/11.jpg'),
(48, 'Людвиг', 'Волков', 'Витальевич', '1977-12-27', '2016-04-27 00:00:00.000000', 'jrkorson@msn.com', '7(8459)592-05-58', 'м', 'Клиенты/m50.jpg'),
(49, 'Терентий', 'Князев', 'Валерьевич', '1991-06-19', '2018-06-25 00:00:00.000000', 'rjones@aol.com', '7(98)397-23-23', 'м', 'Клиенты/m26.jpg'),
(50, 'Гаянэ', 'Силин', 'Анатольевич', '1976-05-27', '2017-05-05 00:00:00.000000', 'multiplx@comcast.net', '7(4547)615-22-69', 'м', 'Клиенты/m46.jpg'),
(51, 'Дмитрий', 'Казаков', 'Русланович', '1978-12-15', '2016-05-21 00:00:00.000000', 'ozawa@verizon.net', '7(51)682-19-40', 'м', 'Клиенты/m44.jpg'),
(52, 'Роза', 'Гусева', 'Дмитриевна', '1999-02-13', '2017-12-12 00:00:00.000000', 'martyloo@live.com', '7(23)064-51-84', 'ж', 'Клиенты/10.jpg'),
(53, 'Марфа', 'Мамонтова', 'Мироновна', '1984-10-19', '2018-02-27 00:00:00.000000', 'rfoley@verizon.net', '7(38)095-64-18', 'ж', 'Клиенты/29.jpg'),
(54, 'Эрик', 'Галкин', 'Онисимович', '1975-01-18', '2016-07-19 00:00:00.000000', 'snunez@verizon.net', '7(759)873-77-39', 'м', 'Клиенты/m16.jpg'),
(55, 'Прасковья', 'Архипова', 'Валерьевна', '1979-01-09', '2018-07-23 00:00:00.000000', 'cgcra@live.com', '7(86)540-10-21', 'ж', 'Клиенты/33.jpg'),
(56, 'Лаура', 'Овчинникова', 'Еремеевна', '1992-04-03', '2018-11-24 00:00:00.000000', 'carcus@yahoo.ca', '7(85)829-33-79', 'ж', 'Клиенты/35.jpg'),
(57, 'Патрисия', 'Андреева', 'Валерьевна', '1993-11-18', '2016-07-17 00:00:00.000000', 'jigsaw@aol.com', '7(9648)953-81-26', 'ж', 'Клиенты/37.jpg'),
(58, 'Самуил', 'Авдеев', 'Улебович', '1996-07-04', '2016-02-11 00:00:00.000000', 'cliffordj@mac.com', '7(3168)043-63-31', 'м', 'Клиенты/m96.jpg'),
(59, 'Светлана', 'Бурова', 'Лукьевна', '1979-01-04', '2016-10-13 00:00:00.000000', 'wsnyder@aol.com', '7(358)173-82-21', 'ж', 'Клиенты/39.jpg'),
(60, 'Глеб', 'Ершов', 'Федорович', '1970-06-14', '2016-09-14 00:00:00.000000', 'sjava@aol.com', '7(2608)298-40-82', 'м', 'Клиенты/m23.jpg'),
(61, 'Захар', 'Игнатов', 'Павлович', '1998-10-07', '2017-11-10 00:00:00.000000', 'dieman@icloud.com', '7(578)574-73-36', 'м', 'Клиенты/m98.jpg'),
(62, 'Амалия', 'Комиссарова', 'Робертовна', '1971-08-18', '2017-08-04 00:00:00.000000', 'jorgb@msn.com', '7(22)647-46-32', 'ж', 'Клиенты/17.jpg'),
(63, 'Трофим', 'Быков', 'Константинович', '1994-12-20', '2016-04-17 00:00:00.000000', 'jguyer@aol.com', '7(3414)460-12-05', 'м', 'Клиенты/m14.jpg'),
(64, 'Леонтий', 'Кузьмин', 'Валерьянович', '2000-05-05', '2017-10-12 00:00:00.000000', 'msloan@hotmail.com', '7(1340)148-90-68', 'м', 'Клиенты/m17.jpg'),
(65, 'Диана', 'Белозёрова', 'Антоновна', '1989-02-27', '2017-01-30 00:00:00.000000', 'dialworld@aol.com', '7(9900)174-59-87', 'ж', 'Клиенты/7.jpg'),
(66, 'Евгений', 'Блинов', 'Мэлсович', '1994-01-05', '2017-05-07 00:00:00.000000', 'moxfulder@outlook.com', '7(0852)321-82-64', 'м', 'Клиенты/m7.jpg'),
(67, 'Алексей', 'Лазарев', 'Богданович', '1977-03-10', '2017-01-02 00:00:00.000000', 'claesjac@me.com', '7(0055)737-37-48', 'м', 'Клиенты/m48.jpg'),
(68, 'Розалия', 'Афанасьева', 'Макаровна', '1977-05-01', '2017-09-06 00:00:00.000000', 'malattia@hotmail.com', '7(0661)413-23-32', 'ж', 'Клиенты/31.jpg'),
(69, 'Эдита', 'Дементьева', 'Онисимовна', '1975-09-17', '2018-11-24 00:00:00.000000', 'frosal@hotmail.com', '7(198)922-28-76', 'ж', 'Клиенты/38.jpg'),
(70, 'Петр', 'Калинин', 'Иванович', '1993-09-08', '2016-05-26 00:00:00.000000', 'aschmitz@hotmail.com', '7(90)316-07-17', 'м', 'Клиенты/m47.jpg'),
(71, 'Станислав', 'Андреев', 'Максович', '1975-10-10', '2017-12-26 00:00:00.000000', 'budinger@mac.com', '7(02)993-91-28', 'м', 'Клиенты/m3.jpg'),
(72, 'Устин', 'Киселёв', 'Яковлевич', '1985-01-08', '2018-06-21 00:00:00.000000', 'dalamb@verizon.net', '7(83)334-52-76', 'м', 'Клиенты/m25.jpg'),
(73, 'Павел', 'Гордеев', 'Семенович', '1984-09-06', '2016-07-19 00:00:00.000000', 'dawnsong@verizon.net', '7(5243)599-66-72', 'м', 'Клиенты/m19.jpg'),
(74, 'Никки', 'Горбачёва', 'Еремеевна', '1987-04-21', '2018-08-16 00:00:00.000000', 'chinthaka@att.net', '7(94)789-69-20', 'ж', 'Клиенты/8.jpg'),
(75, 'Касьян', 'Копылов', 'Робертович', '1983-08-04', '2018-03-18 00:00:00.000000', 'crobles@sbcglobal.net', '7(5774)679-82-06', 'м', 'Клиенты/m29.jpg'),
(76, 'Витольд', 'Ефремов', 'Авксентьевич', '1975-12-02', '2018-04-09 00:00:00.000000', 'kwilliams@yahoo.ca', '7(93)922-14-03', 'м', 'Клиенты/m28.jpg'),
(77, 'Михаил', 'Баранов', 'Романович', '1997-07-12', '2018-10-07 00:00:00.000000', 'bigmauler@outlook.com', '7(750)985-94-13', 'м', 'Клиенты/m5.jpg'),
(78, 'Элина', 'Дмитриева', 'Даниловна', '1988-12-10', '2017-02-11 00:00:00.000000', 'vmalik@live.com', '7(787)140-48-84', 'ж', 'Клиенты/12.jpg'),
(79, 'Осип', 'Федотов', 'Анатольевич', '1971-04-13', '2018-07-23 00:00:00.000000', 'breegster@hotmail.com', '7(590)702-33-06', 'м', 'Клиенты/m9.jpg'),
(80, 'Тала', 'Быкова', 'Георгьевна', '2000-02-22', '2016-08-13 00:00:00.000000', 'ganter@optonline.net', '7(13)915-53-53', 'ж', 'Клиенты/6.jpg'),
(81, 'Вадим', 'Дементьев', 'Ростиславович', '1993-07-10', '2018-03-05 00:00:00.000000', 'jacks@aol.com', '7(79)330-46-15', 'м', 'Клиенты/m39.jpg'),
(82, 'Макар', 'Евсеев', 'Васильевич', '1977-09-13', '2018-12-05 00:00:00.000000', 'parsimony@sbcglobal.net', '7(2141)077-85-70', 'м', 'Клиенты/m22.jpg'),
(83, 'Станислав', 'Абрамов', 'Филатович', '1989-05-18', '2016-12-08 00:00:00.000000', 'solomon@att.net', '7(6545)478-87-79', 'м', 'Клиенты/m32.jpg'),
(84, 'Лиза', 'Артемьева', 'Максимовна', '1996-05-17', '2018-10-07 00:00:00.000000', 'snunez@yahoo.ca', '7(696)972-70-21', 'ж', 'Клиенты/3.jpg'),
(85, 'Дэнна', 'Кузьмина', 'Витальевна', '1993-08-24', '2016-03-27 00:00:00.000000', 'nichoj@mac.com', '7(9940)977-45-73', 'ж', 'Клиенты/20.jpg'),
(86, 'Магда', 'Ефимова', 'Платоновна', '1995-08-16', '2017-08-01 00:00:00.000000', 'rbarreira@me.com', '7(9261)386-15-92', 'ж', 'Клиенты/16.jpg'),
(87, 'Альберт', 'Ефимов', 'Проклович', '1997-10-29', '2018-06-21 00:00:00.000000', 'houle@live.com', '7(416)375-97-19', 'м', 'Клиенты/m6.jpg'),
(88, 'Эльвина', 'Лазарева', 'Робертовна', '1996-02-16', '2018-04-11 00:00:00.000000', 'ahuillet@comcast.net', '7(5564)609-81-37', 'ж', 'Клиенты/28.jpg'),
(89, 'Изабелла', 'Воронова', 'Вячеславовна', '1999-09-24', '2017-12-21 00:00:00.000000', 'kildjean@sbcglobal.net', '7(17)433-44-98', 'ж', 'Клиенты/21.jpg'),
(90, 'Эвелина', 'Куликова', 'Вячеславовна', '1997-11-14', '2018-02-01 00:00:00.000000', 'ilikered@hotmail.com', '7(0236)682-42-78', 'ж', 'Клиенты/23.jpg'),
(91, 'Амалия', 'Егорова', 'Дамировна', '1999-09-28', '2016-06-30 00:00:00.000000', 'drezet@yahoo.com', '7(7486)408-12-26', 'ж', 'Клиенты/13.jpg'),
(92, 'Станислав', 'Александров', 'Эдуардович', '1981-07-04', '2018-11-08 00:00:00.000000', 'bigmauler@aol.com', '7(18)164-05-12', 'м', 'Клиенты/m2.jpg'),
(93, 'Демьян', 'Цветков', 'Львович', '1996-03-29', '2016-02-12 00:00:00.000000', 'hauma@icloud.com', '7(93)546-43-73', 'м', 'Клиенты/m4.jpg'),
(94, 'Юнона', 'Устинова', 'Валентиновна', '1982-08-08', '2017-05-28 00:00:00.000000', 'kempsonc@live.com', '7(33)367-13-07', 'ж', 'Клиенты/44.jpg'),
(95, 'Любава', 'Костина', 'Авксентьевна', '1972-07-13', '2016-02-26 00:00:00.000000', 'gordonjcp@hotmail.com', '7(6419)959-21-87', 'ж', 'Клиенты/41.jpg'),
(96, 'Мартын', 'Смирнов', 'Арсеньевич', '1996-06-25', '2017-02-07 00:00:00.000000', 'haddawy@live.com', '7(6251)589-02-43', 'м', 'Клиенты/m34.jpg'),
(97, 'Сандра', 'Федотова', 'Владленовна', '1985-03-29', '2016-11-08 00:00:00.000000', 'penna@verizon.net', '7(126)195-25-86', 'ж', 'Клиенты/24.jpg'),
(98, 'Леонтий', 'Журавлёв', 'Яковлевич', '2000-03-02', '2018-01-15 00:00:00.000000', 'cmdrgravy@me.com', '7(4403)308-56-96', 'м', 'Клиенты/m24.jpg'),
(99, 'Вадим', 'Большаков', 'Данилович', '1970-05-15', '2018-08-04 00:00:00.000000', 'uncle@gmail.com', '7(386)641-13-37', 'м', 'Клиенты/m97.jpg'),
(100, 'Марта', 'Горшкова', 'Иосифовна', '2001-02-13', '2016-08-04 00:00:00.000000', 'gbacon@mac.com', '7(544)650-59-03', 'ж', 'Клиенты/9.jpg');

-- --------------------------------------------------------

--
-- Структура таблицы `ClientService`
--

CREATE TABLE `ClientService` (
  `ID` int(11) NOT NULL,
  `ClientID` int(11) NOT NULL,
  `ServiceID` int(11) NOT NULL,
  `StartTime` datetime(6) NOT NULL,
  `Comment` longtext CHARACTER SET utf8mb4
) ENGINE=InnoDB DEFAULT CHARSET=utf8;

--
-- Дамп данных таблицы `ClientService`
--

INSERT INTO `ClientService` (`ID`, `ClientID`, `ServiceID`, `StartTime`, `Comment`) VALUES
(1, 7, 47, '2019-11-23 14:30:00.000000', NULL),
(2, 7, 21, '2019-05-27 08:00:00.000000', NULL),
(3, 8, 17, '2019-08-12 08:50:00.000000', NULL),
(4, 8, 13, '2019-03-04 11:30:00.000000', NULL),
(5, 8, 25, '2019-05-19 16:50:00.000000', NULL),
(6, 11, 43, '2019-10-16 18:20:00.000000', NULL),
(7, 11, 33, '2019-01-19 11:50:00.000000', NULL),
(8, 11, 48, '2019-10-14 19:40:00.000000', NULL),
(9, 11, 1, '2019-10-17 19:00:00.000000', NULL),
(10, 12, 35, '2019-08-12 11:50:00.000000', NULL),
(11, 12, 42, '2019-09-20 08:20:00.000000', NULL),
(12, 17, 14, '2019-02-16 09:40:00.000000', NULL),
(13, 17, 30, '2019-02-21 08:20:00.000000', NULL),
(14, 17, 33, '2019-08-25 08:50:00.000000', NULL),
(15, 17, 27, '2019-04-15 11:50:00.000000', NULL),
(16, 17, 30, '2019-02-24 13:50:00.000000', NULL),
(17, 18, 11, '2019-04-14 15:00:00.000000', NULL),
(18, 18, 32, '2019-09-05 19:30:00.000000', NULL),
(19, 18, 29, '2019-08-08 17:20:00.000000', NULL),
(20, 18, 39, '2019-12-19 15:00:00.000000', NULL),
(21, 19, 32, '2019-06-15 09:30:00.000000', NULL),
(22, 19, 31, '2019-06-05 10:50:00.000000', NULL),
(23, 20, 48, '2019-04-21 12:40:00.000000', NULL),
(24, 20, 9, '2019-12-18 10:30:00.000000', NULL),
(25, 20, 47, '2019-08-05 10:10:00.000000', NULL),
(26, 23, 27, '2019-03-23 16:40:00.000000', NULL),
(27, 23, 21, '2019-08-12 15:40:00.000000', NULL),
(28, 26, 38, '2019-04-14 14:20:00.000000', NULL),
(29, 26, 29, '2019-11-05 12:10:00.000000', NULL),
(30, 30, 2, '2019-07-07 09:30:00.000000', NULL),
(31, 30, 18, '2019-08-02 18:50:00.000000', NULL),
(32, 30, 32, '2019-03-22 15:20:00.000000', NULL),
(33, 30, 11, '2019-02-26 17:40:00.000000', NULL),
(34, 32, 45, '2019-09-17 11:30:00.000000', NULL),
(35, 32, 48, '2019-05-28 11:10:00.000000', NULL),
(36, 33, 4, '2019-05-23 11:40:00.000000', NULL),
(37, 33, 7, '2019-11-27 09:00:00.000000', NULL),
(38, 33, 14, '2019-03-16 10:20:00.000000', NULL),
(39, 33, 43, '2019-11-15 15:40:00.000000', NULL),
(40, 38, 23, '2019-07-30 12:10:00.000000', NULL),
(41, 41, 40, '2019-10-09 18:30:00.000000', NULL),
(42, 41, 12, '2019-08-21 17:20:00.000000', NULL),
(43, 42, 27, '2019-10-05 18:30:00.000000', NULL),
(44, 43, 4, '2019-07-02 15:30:00.000000', NULL),
(45, 45, 17, '2019-04-22 11:30:00.000000', NULL),
(46, 45, 37, '2019-05-09 10:00:00.000000', NULL),
(47, 45, 1, '2019-11-14 15:00:00.000000', NULL),
(48, 48, 45, '2019-12-05 18:10:00.000000', NULL),
(49, 48, 48, '2019-06-29 17:20:00.000000', NULL),
(50, 52, 48, '2019-09-09 17:40:00.000000', NULL),
(51, 52, 34, '2019-03-19 09:40:00.000000', NULL),
(52, 54, 13, '2019-01-29 16:10:00.000000', NULL),
(53, 54, 26, '2019-07-29 10:30:00.000000', NULL),
(54, 54, 11, '2019-08-19 17:50:00.000000', NULL),
(55, 55, 39, '2019-02-15 17:30:00.000000', NULL),
(56, 55, 28, '2019-07-12 19:30:00.000000', NULL),
(57, 55, 12, '2019-08-15 18:30:00.000000', NULL),
(58, 55, 24, '2019-09-19 16:10:00.000000', NULL),
(59, 56, 44, '2019-06-10 16:40:00.000000', NULL),
(60, 57, 49, '2019-03-06 12:10:00.000000', NULL),
(61, 60, 12, '2019-07-30 10:10:00.000000', NULL),
(62, 60, 5, '2019-06-14 18:30:00.000000', NULL),
(63, 60, 48, '2019-06-16 12:00:00.000000', NULL),
(64, 61, 8, '2019-10-14 12:00:00.000000', NULL),
(65, 61, 26, '2019-12-24 09:30:00.000000', NULL),
(66, 61, 23, '2019-12-15 19:50:00.000000', NULL),
(67, 64, 21, '2019-05-01 10:20:00.000000', NULL),
(68, 64, 13, '2019-04-15 13:30:00.000000', NULL),
(69, 66, 40, '2019-12-07 17:00:00.000000', NULL),
(70, 66, 4, '2019-02-24 13:00:00.000000', NULL),
(71, 67, 17, '2019-12-30 08:10:00.000000', NULL),
(72, 67, 24, '2019-04-06 11:50:00.000000', NULL),
(73, 71, 35, '2019-07-05 13:40:00.000000', NULL),
(74, 71, 28, '2019-12-16 19:40:00.000000', NULL),
(75, 71, 35, '2019-04-11 16:20:00.000000', NULL),
(76, 71, 31, '2019-05-27 14:20:00.000000', NULL),
(77, 72, 13, '2019-06-24 14:10:00.000000', NULL),
(78, 72, 17, '2019-06-28 10:10:00.000000', NULL),
(79, 74, 49, '2019-06-21 14:50:00.000000', NULL),
(80, 74, 32, '2019-12-28 17:10:00.000000', NULL),
(81, 74, 46, '2019-11-26 10:30:00.000000', NULL),
(82, 74, 41, '2019-11-30 18:00:00.000000', NULL),
(83, 75, 18, '2019-12-23 15:30:00.000000', NULL),
(84, 75, 47, '2019-09-05 14:10:00.000000', NULL),
(85, 83, 44, '2019-04-05 10:10:00.000000', NULL),
(86, 83, 5, '2019-11-27 13:30:00.000000', NULL),
(87, 83, 48, '2019-12-15 14:30:00.000000', NULL),
(88, 85, 3, '2019-08-24 11:20:00.000000', NULL),
(89, 85, 47, '2019-04-26 10:20:00.000000', NULL),
(90, 86, 22, '2019-06-22 13:00:00.000000', NULL),
(91, 86, 41, '2019-12-06 09:40:00.000000', NULL),
(92, 86, 50, '2019-08-08 19:00:00.000000', NULL),
(93, 96, 46, '2019-02-04 19:50:00.000000', NULL),
(94, 99, 14, '2019-07-28 12:50:00.000000', NULL),
(95, 99, 26, '2019-10-10 13:40:00.000000', NULL),
(96, 99, 2, '2019-08-24 17:00:00.000000', NULL),
(97, 100, 8, '2019-07-09 18:50:00.000000', NULL),
(98, 100, 5, '2019-12-30 14:30:00.000000', NULL),
(99, 100, 49, '2019-09-13 10:10:00.000000', NULL),
(100, 100, 12, '2019-07-09 16:50:00.000000', NULL);

-- --------------------------------------------------------

--
-- Структура таблицы `DocumentByService`
--

CREATE TABLE `DocumentByService` (
  `ID` int(11) NOT NULL,
  `ClientServiceID` int(11) NOT NULL,
  `DocumentPath` varchar(1000) CHARACTER SET utf8mb4 NOT NULL
) ENGINE=InnoDB DEFAULT CHARSET=utf8;

-- --------------------------------------------------------

--
-- Структура таблицы `Gender`
--

CREATE TABLE `Gender` (
  `Code` char(1) CHARACTER SET utf8mb4 NOT NULL,
  `Name` varchar(10) CHARACTER SET utf8mb4 DEFAULT NULL
) ENGINE=InnoDB DEFAULT CHARSET=utf8;

--
-- Дамп данных таблицы `Gender`
--

INSERT INTO `Gender` (`Code`, `Name`) VALUES
('ж', 'женский'),
('м', 'мужской');

-- --------------------------------------------------------

--
-- Структура таблицы `Manufacturer`
--

CREATE TABLE `Manufacturer` (
  `ID` int(11) NOT NULL,
  `Name` varchar(100) CHARACTER SET utf8mb4 NOT NULL,
  `StartDate` date DEFAULT NULL
) ENGINE=InnoDB DEFAULT CHARSET=utf8;

-- --------------------------------------------------------

--
-- Структура таблицы `Product`
--

CREATE TABLE `Product` (
  `ID` int(11) NOT NULL,
  `Title` varchar(100) CHARACTER SET utf8mb4 NOT NULL,
  `Cost` decimal(19,4) NOT NULL,
  `Description` longtext CHARACTER SET utf8mb4,
  `MainImagePath` varchar(1000) CHARACTER SET utf8mb4 DEFAULT NULL,
  `IsActive` tinyint(1) NOT NULL,
  `ManufacturerID` int(11) DEFAULT NULL
) ENGINE=InnoDB DEFAULT CHARSET=utf8;

-- --------------------------------------------------------

--
-- Структура таблицы `ProductPhoto`
--

CREATE TABLE `ProductPhoto` (
  `ID` int(11) NOT NULL,
  `ProductID` int(11) NOT NULL,
  `PhotoPath` varchar(1000) CHARACTER SET utf8mb4 NOT NULL
) ENGINE=InnoDB DEFAULT CHARSET=utf8;

-- --------------------------------------------------------

--
-- Структура таблицы `ProductSale`
--

CREATE TABLE `ProductSale` (
  `ID` int(11) NOT NULL,
  `SaleDate` datetime(6) NOT NULL,
  `ProductID` int(11) NOT NULL,
  `Quantity` int(11) NOT NULL,
  `ClientServiceID` int(11) DEFAULT NULL
) ENGINE=InnoDB DEFAULT CHARSET=utf8;

-- --------------------------------------------------------

--
-- Структура таблицы `Service`
--

CREATE TABLE `Service` (
  `ID` int(11) NOT NULL,
  `Title` varchar(100) CHARACTER SET utf8mb4 NOT NULL,
  `Cost` decimal(19,4) NOT NULL,
  `DurationInSeconds` int(11) NOT NULL,
  `Description` longtext CHARACTER SET utf8mb4,
  `Discount` double DEFAULT NULL,
  `MainImagePath` varchar(1000) CHARACTER SET utf8mb4 DEFAULT NULL
) ENGINE=InnoDB DEFAULT CHARSET=utf8;

--
-- Дамп данных таблицы `Service`
--

INSERT INTO `Service` (`ID`, `Title`, `Cost`, `DurationInSeconds`, `Description`, `Discount`, `MainImagePath`) VALUES
(1, 'Замена сальника привода', '3820.0000', 570, NULL, 15, NULL),
(2, 'Замена кулисы АКПП', '3250.0000', 6, NULL, 10, NULL),
(3, 'Замена тормозной жидкости', '2200.0000', 6, NULL, 10, NULL),
(4, 'Ремонт компрессора кондиционера', '4760.0000', 150, NULL, 25, NULL),
(5, 'Ремонт автоэлектрики', '4230.0000', 450, NULL, 10, NULL),
(6, 'Наращивание ресниц', '1430.0000', 40, NULL, 5, NULL),
(7, 'Замена лямбда зонда', '770.0000', 270, NULL, 5, NULL),
(8, 'Кузовной ремонт', '2750.0000', 150, NULL, 5, NULL),
(9, 'Замена подшипника задней ступицы', '1860.0000', 270, NULL, 25, NULL),
(10, 'Замена масла в МКПП', '4490.0000', 9, NULL, 20, NULL),
(11, 'Замена заднего сальника АКПП', '1510.0000', 390, NULL, 25, NULL),
(12, 'Замена охлаждающей жидкости', '1590.0000', 210, NULL, 0, NULL),
(13, 'Замена масла АКПП', '2430.0000', 450, NULL, 25, NULL),
(14, 'Замена жидкости ГУР', '2380.0000', 9, NULL, 20, NULL),
(15, 'Испанский массаж', '2190.0000', 2400, NULL, 25, NULL),
(16, 'Балансировка колес', '4690.0000', 390, NULL, 25, NULL),
(17, 'Замена подшипника передней ступицы', '4020.0000', 330, NULL, 15, NULL),
(18, 'Ремонт двигателя', '2470.0000', 4, NULL, 25, NULL),
(19, 'Замена сцепления', '4320.0000', 330, NULL, 0, NULL),
(20, 'Интенсивный курс с преподавателем-носителем португальского языка для компаний', '1580.0000', 30, NULL, 0, NULL),
(21, 'Замена подшипника компрессора кондиционера', '1110.0000', 330, NULL, 20, NULL),
(22, 'Диагностика рулевого редуктора', '2930.0000', 3, NULL, 10, NULL),
(23, 'Замена фильтров', '530.0000', 210, NULL, 15, NULL),
(24, 'Ремонт глушителя', '2100.0000', 150, NULL, 25, NULL),
(25, 'Чистка форсунок ультразвуком', '3920.0000', 4, NULL, 5, NULL),
(26, 'Замена масла заднего редуктора (моста)', '840.0000', 7, NULL, 25, NULL),
(27, 'Ремонт бензонасоса', '500.0000', 210, NULL, 15, NULL),
(28, 'Антибактериальная обработка кондиционера', '4580.0000', 450, NULL, 20, NULL),
(29, 'Замена ремня кондиционера', '4650.0000', 8, NULL, 0, NULL),
(30, 'Ремонт и замена катализатора', '500.0000', 270, NULL, 25, NULL),
(31, 'Ремонт карданного вала', '780.0000', 210, NULL, 5, NULL),
(32, 'Установка сигнализации', '1760.0000', 4, NULL, 0, NULL),
(33, 'Ремонт кронштейна глушителя', '1410.0000', 570, NULL, 0, NULL),
(34, 'Замена трубки кондиционера', '2810.0000', 3, NULL, 15, NULL),
(35, 'Диагностика подвески', '1460.0000', 330, NULL, 0, NULL),
(36, 'Замена масла в вариаторе', '4720.0000', 2, NULL, 5, NULL),
(37, 'Замена тормозных колодок', '4260.0000', 8, NULL, 5, NULL),
(38, 'Покраска', '2370.0000', 2, NULL, 15, NULL),
(39, 'Ремонт сцепления', '3290.0000', 10, NULL, 25, NULL),
(40, 'Диагностика трансмиссии', '2790.0000', 2, NULL, 20, NULL),
(41, 'Диагностика выхлопной системы автомобиля', '2550.0000', 3, NULL, 25, NULL),
(42, 'Диагностика инжектора', '3390.0000', 330, NULL, 5, NULL),
(43, 'Замена троса сцепления', '4460.0000', 8, NULL, 5, NULL),
(44, 'Замена маховика', '2400.0000', 10, NULL, 25, NULL),
(45, 'Ремонт стартера', '2680.0000', 8, NULL, 0, NULL),
(46, 'Снятие/установка форсунок', '1470.0000', 5, NULL, 25, NULL),
(47, 'Замена ремня привода ГУР', '3350.0000', 10, NULL, 0, NULL),
(48, 'Замена свечей', '2240.0000', 2, NULL, 10, NULL),
(49, 'Развал-схождение', '3890.0000', 3, NULL, 0, NULL),
(50, 'Замена рулевой тяги', '570.0000', 3, NULL, 0, NULL);

-- --------------------------------------------------------

--
-- Структура таблицы `ServicePhoto`
--

CREATE TABLE `ServicePhoto` (
  `ID` int(11) NOT NULL,
  `ServiceID` int(11) NOT NULL,
  `PhotoPath` varchar(1000) CHARACTER SET utf8mb4 NOT NULL
) ENGINE=InnoDB DEFAULT CHARSET=utf8;

-- --------------------------------------------------------

--
-- Структура таблицы `Tag`
--

CREATE TABLE `Tag` (
  `ID` int(11) NOT NULL,
  `Title` varchar(30) CHARACTER SET utf8mb4 NOT NULL,
  `Color` char(6) CHARACTER SET utf8mb4 NOT NULL
) ENGINE=InnoDB DEFAULT CHARSET=utf8;

-- --------------------------------------------------------

--
-- Структура таблицы `TagOfClient`
--

CREATE TABLE `TagOfClient` (
  `ClientID` int(11) NOT NULL,
  `TagID` int(11) NOT NULL
) ENGINE=InnoDB DEFAULT CHARSET=utf8;

-- --------------------------------------------------------

--
-- Структура таблицы `tmp`
--

CREATE TABLE `tmp` (
  `LastName` varchar(50) CHARACTER SET utf8mb4 NOT NULL,
  `Title` varchar(100) CHARACTER SET utf8mb4 NOT NULL,
  `StartTime` datetime(6) NOT NULL
) ENGINE=InnoDB DEFAULT CHARSET=utf8;

--
-- Дамп данных таблицы `tmp`
--

INSERT INTO `tmp` (`LastName`, `Title`, `StartTime`) VALUES
('Овчинникова', 'Замена маховика', '2019-06-10 16:40:00.000000'),
('Анисимова', 'Замена жидкости ГУР', '2019-02-16 09:40:00.000000'),
('Горбачёва', 'Развал-схождение', '2019-06-21 14:50:00.000000'),
('Игнатов', 'Кузовной ремонт', '2019-10-14 12:00:00.000000'),
('Калашников', 'Замена подшипника передней ступицы', '2019-04-22 11:30:00.000000'),
('Ефимова', 'Диагностика рулевого редуктора', '2019-06-22 13:00:00.000000'),
('Орлова', 'Замена свечей', '2019-04-21 12:40:00.000000'),
('Беляева', 'Ремонт бензонасоса', '2019-10-05 18:30:00.000000'),
('Волков', 'Ремонт стартера', '2019-12-05 18:10:00.000000'),
('Попова', 'Ремонт стартера', '2019-09-17 11:30:00.000000'),
('Медведев', 'Замена кулисы АКПП', '2019-07-07 09:30:00.000000'),
('Попова', 'Замена свечей', '2019-05-28 11:10:00.000000'),
('Кузьмин', 'Замена подшипника компрессора кондиционера', '2019-05-01 10:20:00.000000'),
('Кузьмин', 'Замена масла АКПП', '2019-04-15 13:30:00.000000'),
('Новиков', 'Замена троса сцепления', '2019-10-16 18:20:00.000000'),
('Горшкова', 'Кузовной ремонт', '2019-07-09 18:50:00.000000'),
('Бирюкова', 'Ремонт бензонасоса', '2019-03-23 16:40:00.000000'),
('Кудряшов', 'Ремонт компрессора кондиционера', '2019-05-23 11:40:00.000000'),
('Суворова', 'Замена фильтров', '2019-07-30 12:10:00.000000'),
('Кузьмина', 'Замена тормозной жидкости', '2019-08-24 11:20:00.000000'),
('Копылов', 'Ремонт двигателя', '2019-12-23 15:30:00.000000'),
('Медведев', 'Ремонт двигателя', '2019-08-02 18:50:00.000000'),
('Архипова', 'Ремонт сцепления', '2019-02-15 17:30:00.000000'),
('Горбачёва', 'Установка сигнализации', '2019-12-28 17:10:00.000000'),
('Колобов', 'Замена заднего сальника АКПП', '2019-04-14 15:00:00.000000'),
('Орлова', 'Замена подшипника задней ступицы', '2019-12-18 10:30:00.000000'),
('Ершов', 'Замена охлаждающей жидкости', '2019-07-30 10:10:00.000000'),
('Филатов', 'Установка сигнализации', '2019-06-15 09:30:00.000000'),
('Большаков', 'Замена жидкости ГУР', '2019-07-28 12:50:00.000000'),
('Архипова', 'Антибактериальная обработка кондиционера', '2019-07-12 19:30:00.000000'),
('Блохин', 'Ремонт компрессора кондиционера', '2019-07-02 15:30:00.000000'),
('Гусева', 'Замена свечей', '2019-09-09 17:40:00.000000'),
('Галкин', 'Замена масла АКПП', '2019-01-29 16:10:00.000000'),
('Новиков', 'Ремонт кронштейна глушителя', '2019-01-19 11:50:00.000000'),
('Андреев', 'Диагностика подвески', '2019-07-05 13:40:00.000000'),
('Большаков', 'Замена масла заднего редуктора (моста)', '2019-10-10 13:40:00.000000'),
('Блинов', 'Диагностика трансмиссии', '2019-12-07 17:00:00.000000'),
('Филатов', 'Ремонт карданного вала', '2019-06-05 10:50:00.000000'),
('Абрамов', 'Замена маховика', '2019-04-05 10:10:00.000000'),
('Киселёв', 'Замена масла АКПП', '2019-06-24 14:10:00.000000'),
('Колобов', 'Установка сигнализации', '2019-09-05 19:30:00.000000'),
('Кудряшов', 'Замена лямбда зонда', '2019-11-27 09:00:00.000000'),
('Анисимова', 'Ремонт и замена катализатора', '2019-02-21 08:20:00.000000'),
('Горбачёва', 'Снятие/установка форсунок', '2019-11-26 10:30:00.000000'),
('Кузьмина', 'Замена ремня привода ГУР', '2019-04-26 10:20:00.000000'),
('Некрасов', 'Замена ремня привода ГУР', '2019-11-23 14:30:00.000000'),
('Анисимова', 'Ремонт кронштейна глушителя', '2019-08-25 08:50:00.000000'),
('Калашников', 'Замена тормозных колодок', '2019-05-09 10:00:00.000000'),
('Колобов', 'Замена ремня кондиционера', '2019-08-08 17:20:00.000000'),
('Лазарев', 'Замена подшипника передней ступицы', '2019-12-30 08:10:00.000000'),
('Копылов', 'Замена ремня привода ГУР', '2019-09-05 14:10:00.000000'),
('Игнатов', 'Замена масла заднего редуктора (моста)', '2019-12-24 09:30:00.000000'),
('Лазарев', 'Ремонт глушителя', '2019-04-06 11:50:00.000000'),
('Мишина', 'Диагностика подвески', '2019-08-12 11:50:00.000000'),
('Бирюкова', 'Замена подшипника компрессора кондиционера', '2019-08-12 15:40:00.000000'),
('Галкин', 'Замена масла заднего редуктора (моста)', '2019-07-29 10:30:00.000000'),
('Морозов', 'Покраска', '2019-04-14 14:20:00.000000'),
('Гусева', 'Замена трубки кондиционера', '2019-03-19 09:40:00.000000'),
('Игнатов', 'Замена фильтров', '2019-12-15 19:50:00.000000'),
('Горбачёва', 'Диагностика выхлопной системы автомобиля', '2019-11-30 18:00:00.000000'),
('Калашников', 'Замена сальника привода', '2019-11-14 15:00:00.000000'),
('Ершов', 'Ремонт автоэлектрики', '2019-06-14 18:30:00.000000'),
('Медведев', 'Установка сигнализации', '2019-03-22 15:20:00.000000'),
('Дроздов', 'Диагностика трансмиссии', '2019-10-09 18:30:00.000000'),
('Кудряшов', 'Замена жидкости ГУР', '2019-03-16 10:20:00.000000'),
('Андреев', 'Антибактериальная обработка кондиционера', '2019-12-16 19:40:00.000000'),
('Архипова', 'Замена охлаждающей жидкости', '2019-08-15 18:30:00.000000'),
('Мишина', 'Диагностика инжектора', '2019-09-20 08:20:00.000000'),
('Анисимова', 'Ремонт бензонасоса', '2019-04-15 11:50:00.000000'),
('Крюков', 'Замена подшипника передней ступицы', '2019-08-12 08:50:00.000000'),
('Крюков', 'Замена масла АКПП', '2019-03-04 11:30:00.000000'),
('Анисимова', 'Ремонт и замена катализатора', '2019-02-24 13:50:00.000000'),
('Ефимова', 'Диагностика выхлопной системы автомобиля', '2019-12-06 09:40:00.000000'),
('Орлова', 'Замена ремня привода ГУР', '2019-08-05 10:10:00.000000'),
('Крюков', 'Чистка форсунок ультразвуком', '2019-05-19 16:50:00.000000'),
('Горшкова', 'Ремонт автоэлектрики', '2019-12-30 14:30:00.000000'),
('Киселёв', 'Замена подшипника передней ступицы', '2019-06-28 10:10:00.000000'),
('Морозов', 'Замена ремня кондиционера', '2019-11-05 12:10:00.000000'),
('Архипова', 'Ремонт глушителя', '2019-09-19 16:10:00.000000'),
('Медведев', 'Замена заднего сальника АКПП', '2019-02-26 17:40:00.000000'),
('Горшкова', 'Развал-схождение', '2019-09-13 10:10:00.000000'),
('Новиков', 'Замена свечей', '2019-10-14 19:40:00.000000'),
('Андреев', 'Диагностика подвески', '2019-04-11 16:20:00.000000'),
('Андреева', 'Развал-схождение', '2019-03-06 12:10:00.000000'),
('Дроздов', 'Замена охлаждающей жидкости', '2019-08-21 17:20:00.000000'),
('Волков', 'Замена свечей', '2019-06-29 17:20:00.000000'),
('Смирнов', 'Снятие/установка форсунок', '2019-02-04 19:50:00.000000'),
('Горшкова', 'Замена охлаждающей жидкости', '2019-07-09 16:50:00.000000'),
('Ершов', 'Замена свечей', '2019-06-16 12:00:00.000000'),
('Абрамов', 'Ремонт автоэлектрики', '2019-11-27 13:30:00.000000'),
('Некрасов', 'Замена подшипника компрессора кондиционера', '2019-05-27 08:00:00.000000'),
('Абрамов', 'Замена свечей', '2019-12-15 14:30:00.000000'),
('Новиков', 'Замена сальника привода', '2019-10-17 19:00:00.000000'),
('Кудряшов', 'Замена троса сцепления', '2019-11-15 15:40:00.000000'),
('Большаков', 'Замена кулисы АКПП', '2019-08-24 17:00:00.000000'),
('Андреев', 'Ремонт карданного вала', '2019-05-27 14:20:00.000000'),
('Галкин', 'Замена заднего сальника АКПП', '2019-08-19 17:50:00.000000'),
('Ефимова', 'Замена рулевой тяги', '2019-08-08 19:00:00.000000'),
('Блинов', 'Ремонт компрессора кондиционера', '2019-02-24 13:00:00.000000'),
('Колобов', 'Ремонт сцепления', '2019-12-19 15:00:00.000000');

--
-- Индексы сохранённых таблиц
--

--
-- Индексы таблицы `AttachedProduct`
--
ALTER TABLE `AttachedProduct`
  ADD PRIMARY KEY (`MainProductID`,`AttachedProductID`),
  ADD KEY `FK_AttachedProduct_Product1` (`AttachedProductID`);

--
-- Индексы таблицы `Client`
--
ALTER TABLE `Client`
  ADD PRIMARY KEY (`ID`),
  ADD KEY `FK_Client_Gender` (`GenderCode`);

--
-- Индексы таблицы `ClientService`
--
ALTER TABLE `ClientService`
  ADD PRIMARY KEY (`ID`),
  ADD KEY `FK_ClientService_Client` (`ClientID`),
  ADD KEY `FK_ClientService_Service` (`ServiceID`);

--
-- Индексы таблицы `DocumentByService`
--
ALTER TABLE `DocumentByService`
  ADD PRIMARY KEY (`ID`),
  ADD KEY `FK_DocumentByService_ClientService` (`ClientServiceID`);

--
-- Индексы таблицы `Gender`
--
ALTER TABLE `Gender`
  ADD PRIMARY KEY (`Code`);

--
-- Индексы таблицы `Manufacturer`
--
ALTER TABLE `Manufacturer`
  ADD PRIMARY KEY (`ID`);

--
-- Индексы таблицы `Product`
--
ALTER TABLE `Product`
  ADD PRIMARY KEY (`ID`),
  ADD KEY `FK_Product_Manufacturer` (`ManufacturerID`);

--
-- Индексы таблицы `ProductPhoto`
--
ALTER TABLE `ProductPhoto`
  ADD PRIMARY KEY (`ID`),
  ADD KEY `FK_ProductPhoto_Product` (`ProductID`);

--
-- Индексы таблицы `ProductSale`
--
ALTER TABLE `ProductSale`
  ADD PRIMARY KEY (`ID`),
  ADD KEY `FK_ProductSale_Product` (`ProductID`),
  ADD KEY `FK_ProductSale_ClientService` (`ClientServiceID`);

--
-- Индексы таблицы `Service`
--
ALTER TABLE `Service`
  ADD PRIMARY KEY (`ID`);

--
-- Индексы таблицы `ServicePhoto`
--
ALTER TABLE `ServicePhoto`
  ADD PRIMARY KEY (`ID`),
  ADD KEY `FK_ServicePhoto_Service` (`ServiceID`);

--
-- Индексы таблицы `Tag`
--
ALTER TABLE `Tag`
  ADD PRIMARY KEY (`ID`);

--
-- Индексы таблицы `TagOfClient`
--
ALTER TABLE `TagOfClient`
  ADD PRIMARY KEY (`ClientID`,`TagID`),
  ADD KEY `FK_TagOfClient_Tag` (`TagID`);

--
-- AUTO_INCREMENT для сохранённых таблиц
--

--
-- AUTO_INCREMENT для таблицы `Client`
--
ALTER TABLE `Client`
  MODIFY `ID` int(11) NOT NULL AUTO_INCREMENT, AUTO_INCREMENT=103;

--
-- AUTO_INCREMENT для таблицы `ClientService`
--
ALTER TABLE `ClientService`
  MODIFY `ID` int(11) NOT NULL AUTO_INCREMENT, AUTO_INCREMENT=128;

--
-- AUTO_INCREMENT для таблицы `DocumentByService`
--
ALTER TABLE `DocumentByService`
  MODIFY `ID` int(11) NOT NULL AUTO_INCREMENT;

--
-- AUTO_INCREMENT для таблицы `Manufacturer`
--
ALTER TABLE `Manufacturer`
  MODIFY `ID` int(11) NOT NULL AUTO_INCREMENT;

--
-- AUTO_INCREMENT для таблицы `Product`
--
ALTER TABLE `Product`
  MODIFY `ID` int(11) NOT NULL AUTO_INCREMENT;

--
-- AUTO_INCREMENT для таблицы `ProductPhoto`
--
ALTER TABLE `ProductPhoto`
  MODIFY `ID` int(11) NOT NULL AUTO_INCREMENT;

--
-- AUTO_INCREMENT для таблицы `ProductSale`
--
ALTER TABLE `ProductSale`
  MODIFY `ID` int(11) NOT NULL AUTO_INCREMENT;

--
-- AUTO_INCREMENT для таблицы `Service`
--
ALTER TABLE `Service`
  MODIFY `ID` int(11) NOT NULL AUTO_INCREMENT, AUTO_INCREMENT=51;

--
-- AUTO_INCREMENT для таблицы `ServicePhoto`
--
ALTER TABLE `ServicePhoto`
  MODIFY `ID` int(11) NOT NULL AUTO_INCREMENT;

--
-- AUTO_INCREMENT для таблицы `Tag`
--
ALTER TABLE `Tag`
  MODIFY `ID` int(11) NOT NULL AUTO_INCREMENT;

--
-- Ограничения внешнего ключа сохраненных таблиц
--

--
-- Ограничения внешнего ключа таблицы `AttachedProduct`
--
ALTER TABLE `AttachedProduct`
  ADD CONSTRAINT `FK_AttachedProduct_Product` FOREIGN KEY (`MainProductID`) REFERENCES `Product` (`ID`) ON DELETE CASCADE ON UPDATE NO ACTION,
  ADD CONSTRAINT `FK_AttachedProduct_Product1` FOREIGN KEY (`AttachedProductID`) REFERENCES `Product` (`ID`) ON DELETE CASCADE ON UPDATE NO ACTION;

--
-- Ограничения внешнего ключа таблицы `Client`
--
ALTER TABLE `Client`
  ADD CONSTRAINT `FK_Client_Gender` FOREIGN KEY (`GenderCode`) REFERENCES `Gender` (`Code`) ON DELETE CASCADE ON UPDATE NO ACTION;

--
-- Ограничения внешнего ключа таблицы `ClientService`
--
ALTER TABLE `ClientService`
  ADD CONSTRAINT `FK_ClientService_Client` FOREIGN KEY (`ClientID`) REFERENCES `Client` (`ID`) ON DELETE CASCADE ON UPDATE NO ACTION,
  ADD CONSTRAINT `FK_ClientService_Service` FOREIGN KEY (`ServiceID`) REFERENCES `Service` (`ID`) ON DELETE CASCADE ON UPDATE NO ACTION;

--
-- Ограничения внешнего ключа таблицы `DocumentByService`
--
ALTER TABLE `DocumentByService`
  ADD CONSTRAINT `FK_DocumentByService_ClientService` FOREIGN KEY (`ClientServiceID`) REFERENCES `ClientService` (`ID`) ON DELETE CASCADE ON UPDATE NO ACTION;

--
-- Ограничения внешнего ключа таблицы `Product`
--
ALTER TABLE `Product`
  ADD CONSTRAINT `FK_Product_Manufacturer` FOREIGN KEY (`ManufacturerID`) REFERENCES `Manufacturer` (`ID`) ON DELETE CASCADE ON UPDATE NO ACTION;

--
-- Ограничения внешнего ключа таблицы `ProductPhoto`
--
ALTER TABLE `ProductPhoto`
  ADD CONSTRAINT `FK_ProductPhoto_Product` FOREIGN KEY (`ProductID`) REFERENCES `Product` (`ID`) ON DELETE CASCADE ON UPDATE NO ACTION;

--
-- Ограничения внешнего ключа таблицы `ProductSale`
--
ALTER TABLE `ProductSale`
  ADD CONSTRAINT `FK_ProductSale_ClientService` FOREIGN KEY (`ClientServiceID`) REFERENCES `ClientService` (`ID`) ON DELETE CASCADE ON UPDATE NO ACTION,
  ADD CONSTRAINT `FK_ProductSale_Product` FOREIGN KEY (`ProductID`) REFERENCES `Product` (`ID`) ON DELETE CASCADE ON UPDATE NO ACTION;

--
-- Ограничения внешнего ключа таблицы `ServicePhoto`
--
ALTER TABLE `ServicePhoto`
  ADD CONSTRAINT `FK_ServicePhoto_Service` FOREIGN KEY (`ServiceID`) REFERENCES `Service` (`ID`) ON DELETE CASCADE ON UPDATE NO ACTION;

--
-- Ограничения внешнего ключа таблицы `TagOfClient`
--
ALTER TABLE `TagOfClient`
  ADD CONSTRAINT `FK_TagOfClient_Client` FOREIGN KEY (`ClientID`) REFERENCES `Client` (`ID`) ON DELETE CASCADE ON UPDATE NO ACTION,
  ADD CONSTRAINT `FK_TagOfClient_Tag` FOREIGN KEY (`TagID`) REFERENCES `Tag` (`ID`) ON DELETE CASCADE ON UPDATE NO ACTION;
COMMIT;

/*!40101 SET CHARACTER_SET_CLIENT=@OLD_CHARACTER_SET_CLIENT */;
/*!40101 SET CHARACTER_SET_RESULTS=@OLD_CHARACTER_SET_RESULTS */;
/*!40101 SET COLLATION_CONNECTION=@OLD_COLLATION_CONNECTION */;